,graph_type,param_key,seed,threshold
0,Gad,HessLyon,28863715,0
1,Gad,ScotsmenSpica,20470441,1
2,Gad,PeruvianFinnegan,59601088,2
3,Gad,SophieAlec,35178672,3
4,Gad,SchweitzerYonkers,31953535,4
5,Gad,MildredBritish,54920184,0
6,Gad,BobbieEdmonton,6437049,1
7,Gad,BelaAntilles,49557007,2
8,Gad,ScotiaThomistic,32591667,3
9,Gad,CarletonSutton,33196361,4
10,Gad,BrahmsianAchaean,14963174,0
11,Gad,HolmesDeneb,59717179,1
12,Gad,ClydeBalboa,32480075,2
13,Gad,CarruthersPeruvian,70590040,3
14,Gad,InterpolSanchez,82187373,4
